City_ID,City,Country,Lat,Lng,Max Temp,Humidity,Cloudiness,Wind Speed,Current Description
0,Saskylakh,RU,71.9167,114.0833,3.31,99,67,5.77,broken clouds
1,Atuona,PF,-9.8,-139.0333,77.18,74,31,17.34,scattered clouds
2,Udachnyy,RU,66.4167,112.4,30.45,92,100,11.23,snow
3,Hermanus,ZA,-34.4187,19.2345,65.8,85,81,14.76,broken clouds
4,Lubango,AO,-14.9172,13.4925,63.77,78,42,2.39,scattered clouds
5,Khatanga,RU,71.9667,102.5,6.96,88,33,8.81,scattered clouds
6,Mataura,NZ,-46.1927,168.8643,44.29,98,100,6.4,moderate rain
7,Nikolskoye,RU,59.7035,30.7861,42.69,88,100,5.64,overcast clouds
8,Pangody,RU,65.85,74.4859,27.68,90,100,11.77,overcast clouds
9,Bluff,NZ,-46.6,168.3333,46.38,80,100,18.81,overcast clouds
10,Bredasdorp,ZA,-34.5322,20.0403,63.09,84,83,10.56,broken clouds
11,Albany,US,42.6001,-73.9662,62.33,63,100,0.78,overcast clouds
12,Ribeira Grande,PT,38.5167,-28.7,64.8,68,40,8.99,scattered clouds
13,Dicabisagan,PH,17.0818,122.4157,77.05,90,18,3.56,few clouds
14,Punta Arenas,CL,-53.15,-70.9167,55.51,50,0,25.32,clear sky
15,Rikitea,PF,-23.1203,-134.9692,72.79,79,100,11.9,overcast clouds
16,Biak,ID,-0.9131,122.8766,77.88,75,97,0.94,moderate rain
17,East London,ZA,-33.0153,27.9116,68.99,83,100,7.56,overcast clouds
18,Gorodovikovsk,RU,46.0878,41.9335,52.68,55,100,9.64,overcast clouds
19,Vardo,NO,70.3705,31.1107,39.18,60,75,23.02,broken clouds
20,Castro,BR,-24.7911,-50.0119,68.9,68,0,2.46,clear sky
21,Linguere,SN,15.3953,-15.1193,78.12,68,69,14.92,moderate rain
22,Ushuaia,AR,-54.8,-68.3,49.66,71,75,8.05,broken clouds
23,Waspan,NI,14.7419,-83.9717,81.68,81,42,5.21,scattered clouds
24,Cherskiy,RU,68.75,161.3,10.47,95,100,9.06,light snow
25,Tiksi,RU,71.6872,128.8694,20.73,95,100,10.31,overcast clouds
26,Magistralnyy,RU,56.1725,107.4458,39.25,82,100,4.14,light rain
27,Provideniya,RU,64.3833,-173.3,26.82,87,55,5.46,broken clouds
28,Carnarvon,AU,-24.8667,113.6333,67.57,67,13,15.97,few clouds
29,Sungaipenuh,ID,-2.0833,101.3833,65.89,97,100,0.56,overcast clouds
30,New Norfolk,AU,-42.7826,147.0587,51.3,79,100,1.99,overcast clouds
31,Cockburn Town,TC,21.4612,-71.1419,82.18,69,100,9.26,overcast clouds
32,Cururupu,BR,-1.8283,-44.8683,79.57,75,60,5.19,broken clouds
33,Tasiilaq,GL,65.6145,-37.6368,32.16,97,100,6.69,snow
34,Saint-Philippe,RE,-21.3585,55.7679,69.39,83,14,9.15,few clouds
35,Barrow,US,71.2906,-156.7887,21.22,86,20,20.71,few clouds
36,Zhigansk,RU,66.7697,123.3711,22.91,91,100,28.52,overcast clouds
37,Constitucion,CL,-35.3333,-72.4167,56.61,58,81,6.85,broken clouds
38,Nara,JP,34.6851,135.8049,58.5,47,60,3.96,broken clouds
39,Hithadhoo,MV,-0.6,73.0833,81.41,72,93,5.73,overcast clouds
40,Asau,RO,46.4333,26.4,47.32,91,39,5.53,scattered clouds
41,Tutoia,BR,-2.7619,-42.2744,79.88,84,39,15.05,scattered clouds
42,Nhulunbuy,AU,-12.2333,136.7667,83.32,77,94,10.96,overcast clouds
43,Clyde River,CA,70.4692,-68.5914,25.03,93,100,11.5,overcast clouds
44,Saint George,US,37.1041,-113.5841,55.94,37,75,19.57,broken clouds
45,Baykit,RU,61.67,96.37,26.38,84,100,14.09,overcast clouds
46,Arica,CL,-18.475,-70.3042,72.95,63,0,13.8,clear sky
47,Black Forest,US,39.0131,-104.7008,58.87,45,40,12.66,scattered clouds
48,Sitka,US,57.0531,-135.33,48.09,53,100,12.66,overcast clouds
49,Port Alfred,ZA,-33.5906,26.891,63.18,91,93,8.46,overcast clouds
50,Jamestown,US,42.097,-79.2353,71.24,32,0,3.44,clear sky
51,Cape Town,ZA,-33.9258,18.4232,68.41,75,0,24.16,clear sky
52,Butaritari,KI,3.0707,172.7902,80.19,78,99,10.04,light rain
53,Smithers,CA,54.7804,-127.1743,30.52,93,100,8.05,light snow
54,Acapulco,MX,16.8634,-99.8901,85.82,70,20,8.05,few clouds
55,Salinopolis,BR,-0.6136,-47.3561,81.25,76,24,17.56,few clouds
56,Grand Gaube,MU,-20.0064,57.6608,73.8,75,41,3.0,scattered clouds
57,Broken Hill,AU,-31.95,141.4333,58.41,87,85,6.35,overcast clouds
58,Altamont,US,42.2068,-121.7372,49.77,47,75,10.36,broken clouds
59,Flinders,AU,-34.5833,150.8552,63.18,93,100,3.0,light rain
60,Puerto Ayora,EC,-0.7393,-90.3518,73.36,86,57,7.0,broken clouds
61,Clarence Town,AU,-32.5833,151.7833,66.11,98,100,3.6,overcast clouds
62,Xai-Xai,MZ,-25.0519,33.6442,71.37,87,3,6.29,clear sky
63,Tianpeng,CN,30.9866,103.9393,69.73,71,100,5.48,overcast clouds
64,Ancud,CL,-41.8697,-73.8203,48.81,91,100,21.68,light rain
65,Mar Del Plata,AR,-38.0023,-57.5575,59.95,74,40,25.01,scattered clouds
66,Gusau,NG,12.1628,6.6614,79.88,30,3,6.53,clear sky
67,Avarua,CK,-21.2078,-159.775,77.05,94,75,9.22,light rain
68,Hobart,AU,-42.8794,147.3294,51.66,77,75,10.36,broken clouds
69,High Level,CA,58.5169,-117.136,26.71,93,75,10.36,broken clouds
70,Ponta Do Sol,PT,32.6667,-17.1,69.01,70,100,3.78,overcast clouds
71,Qaanaaq,GL,77.484,-69.3632,21.6,93,100,1.83,light snow
72,Mackay,AU,-21.15,149.2,76.68,86,3,11.16,clear sky
73,Ilulissat,GL,69.2167,-51.1,32.02,93,75,1.14,broken clouds
74,Caluquembe,AO,-13.7833,14.6833,65.28,83,100,2.91,overcast clouds
75,Hailey,US,43.5196,-114.3153,45.88,35,40,20.0,scattered clouds
76,Parana,AR,-31.732,-60.5238,76.55,39,0,10.65,clear sky
77,Ludvika,SE,60.1496,15.1878,40.77,76,99,2.64,overcast clouds
78,Norrtalje,SE,59.758,18.705,45.01,76,100,1.74,overcast clouds
79,Benalla,AU,-36.55,145.9833,58.06,84,100,10.51,moderate rain
80,Vaini,TO,-21.2,-175.2,75.36,69,20,13.8,few clouds
81,Camacha,PT,33.0833,-16.3333,65.62,68,20,3.44,few clouds
82,Laguna,US,38.421,-121.4238,71.08,25,0,20.71,clear sky
83,Preobrazheniye,RU,42.9019,133.9064,37.36,65,12,7.34,few clouds
84,Berlevag,NO,70.8578,29.0864,37.35,81,100,16.11,overcast clouds
85,Busselton,AU,-33.65,115.3333,55.87,91,60,10.49,broken clouds
86,Sept-Iles,CA,50.2001,-66.3821,55.92,74,20,2.3,few clouds
87,Tuktoyaktuk,CA,69.4541,-133.0374,14.0,85,20,5.75,few clouds
88,Los Llanos De Aridane,ES,28.6585,-17.9182,69.55,82,40,6.91,scattered clouds
89,Port Hawkesbury,CA,45.6169,-61.3485,63.03,69,100,2.24,overcast clouds
90,Naze,JP,28.3667,129.4833,67.12,67,0,19.44,clear sky
91,Victoria,HK,22.2855,114.1577,77.38,73,92,8.01,overcast clouds
92,Bonthe,SL,7.5264,-12.505,78.67,81,53,4.14,broken clouds
93,San Borja,BO,-14.8167,-66.85,87.42,49,84,5.91,broken clouds
94,Nome,US,64.5011,-165.4064,39.27,87,100,21.85,overcast clouds
95,Bambous Virieux,MU,-20.3428,57.7575,73.65,83,75,3.44,broken clouds
96,Hilo,US,19.7297,-155.09,80.33,71,100,6.91,overcast clouds
97,Sarankhola,BD,22.3082,89.7897,69.57,97,100,12.59,heavy intensity rain
98,Torbay,CA,47.6666,-52.7314,58.26,80,40,11.5,scattered clouds
99,Akdepe,TM,42.0551,59.3788,46.49,58,15,9.19,few clouds
100,Soyo,AO,-6.1349,12.3689,77.2,89,78,7.54,broken clouds
101,Ponta Delgada,PT,37.7333,-25.6667,65.12,68,40,10.36,scattered clouds
102,Faanui,PF,-16.4833,-151.75,79.21,74,49,11.43,scattered clouds
103,Lebu,CL,-37.6167,-73.65,53.92,69,2,10.29,clear sky
104,Freeport,US,40.6576,-73.5832,62.15,72,100,13.8,overcast clouds
105,Sao Filipe,CV,14.8961,-24.4956,79.63,70,0,9.93,clear sky
106,Les Cayes,HT,18.2,-73.75,83.46,70,56,5.73,light rain
107,Mangan,IN,27.5167,88.5333,63.79,37,98,7.11,overcast clouds
108,Roald,NO,62.5833,6.1333,49.75,87,40,8.05,scattered clouds
109,Novyy Urengoy,RU,66.0833,76.6333,27.95,75,100,13.11,overcast clouds
110,Faya,SA,18.3851,42.4509,62.71,62,14,2.1,few clouds
111,Grand-Santi,GF,4.25,-54.3833,84.61,61,100,1.88,overcast clouds
112,Kuryk,KZ,43.2,51.65,52.12,52,0,10.45,clear sky
113,Kaitangata,NZ,-46.2817,169.8464,46.04,94,100,10.78,overcast clouds
114,Lavrentiya,RU,65.5833,-171.0,30.47,95,100,3.87,light snow
115,Port Hardy,CA,50.6996,-127.4199,46.58,81,100,6.91,light rain
116,Pevek,RU,69.7008,170.3133,14.94,94,100,4.29,overcast clouds
117,Codrington,AU,-38.2667,141.9667,53.08,96,100,18.77,light rain
118,Tyshkivka,UA,48.4967,30.9423,51.55,85,99,10.6,overcast clouds
119,Knysna,ZA,-34.0363,23.0471,62.65,94,96,1.74,overcast clouds
120,Katsuura,JP,35.1333,140.3,61.36,83,100,23.98,overcast clouds
121,Kindu,CD,-2.95,25.95,71.65,88,60,2.15,broken clouds
122,Kavaratti,IN,10.5669,72.642,80.91,76,77,2.3,broken clouds
123,Ordzhonikidzevskaya,RU,43.3211,45.0522,41.34,77,100,3.49,overcast clouds
124,Pilar,BR,-9.5972,-35.9567,80.53,82,85,9.37,overcast clouds
125,Wyndham,US,37.6985,-77.6125,62.76,89,100,4.61,overcast clouds
126,Del Rio,US,29.3627,-100.8968,80.62,69,20,17.27,few clouds
127,Patacamaya,BO,-17.2333,-67.9167,61.34,20,80,1.79,broken clouds
128,Havelock,US,34.8791,-76.9013,67.98,85,100,13.8,overcast clouds
129,Lichinga,MZ,-13.3128,35.2406,69.85,40,4,7.36,clear sky
130,Geraldton,AU,-28.7667,114.6,63.97,66,74,14.92,broken clouds
131,Houston,US,29.7633,-95.3633,87.94,48,20,26.46,few clouds
132,Halifax,CA,44.6453,-63.5724,64.29,63,100,3.44,overcast clouds
133,Quatre Cocos,MU,-20.2078,57.7625,73.51,80,32,9.55,scattered clouds
134,Dikson,RU,73.5069,80.5464,26.82,86,100,19.51,overcast clouds
135,Kloulklubed,PW,7.0419,134.2556,84.43,74,86,12.93,overcast clouds
136,Hasaki,JP,35.7333,140.8333,57.6,77,100,26.02,overcast clouds
137,San Carlos De Bariloche,AR,-41.1456,-71.3082,59.25,29,20,24.16,few clouds
138,Mahebourg,MU,-20.4081,57.7,73.69,83,75,3.44,broken clouds
139,Kushima,JP,31.4583,131.2333,58.51,82,21,8.16,few clouds
140,Sungairaya,ID,0.7,108.9,76.82,91,100,4.7,light rain
141,Kapaa,US,22.0752,-159.319,82.38,76,40,16.11,moderate rain
142,Idrinskoye,RU,54.3708,92.1358,35.08,74,97,6.87,overcast clouds
143,Yellowknife,CA,62.456,-114.3525,28.92,69,75,6.91,broken clouds
144,Mormugao,IN,15.4,73.8,74.46,83,40,0.0,scattered clouds
145,Sakakah,SA,29.9697,40.2064,76.57,32,76,9.78,broken clouds
146,Palauig,PH,15.435,119.9045,79.77,80,30,4.12,scattered clouds
147,Niquero,CU,20.0431,-77.5828,84.0,70,5,11.23,clear sky
148,Longyearbyen,SJ,78.2186,15.6401,19.24,79,20,8.05,few clouds
149,Adrar,MR,20.5022,-10.0711,87.28,13,1,10.11,clear sky
150,Sao Felix Do Xingu,BR,-6.6447,-51.995,82.67,63,89,1.88,light rain
151,Posse,BR,-14.0931,-46.3694,76.37,60,84,2.42,broken clouds
152,Kalangala,UG,-0.3089,32.225,70.95,76,5,11.95,clear sky
153,Lagoa,PT,39.05,-27.9833,64.38,66,25,22.08,scattered clouds
154,Meulaboh,ID,4.1363,96.1285,77.59,87,97,5.95,overcast clouds
155,Del Pilar,PH,15.0333,120.7,75.42,90,40,3.42,scattered clouds
156,Cayenne,GF,4.9333,-52.3333,84.24,74,0,8.05,clear sky
157,Hofn,IS,64.2539,-15.2082,40.89,76,100,7.14,overcast clouds
158,Verkhnevilyuysk,RU,63.4453,120.3167,29.91,96,100,12.5,snow
159,Kirakira,SB,-10.4544,161.9205,81.37,79,70,2.44,moderate rain
160,Esperance,AU,-33.8667,121.9,54.0,81,100,16.2,light rain
161,Nemuro,JP,43.3236,145.575,47.39,84,99,16.02,light rain
162,Bursa,TR,40.1667,29.0833,42.84,51,1,3.96,clear sky
163,Yarada,IN,17.65,83.2667,78.53,70,100,4.54,overcast clouds
164,Esik,KZ,43.3552,77.4525,43.86,88,99,2.86,overcast clouds
165,Coihaique,CL,-45.5752,-72.0662,52.41,66,75,5.75,broken clouds
166,Goderich,CA,43.7501,-81.7165,73.72,40,43,11.5,scattered clouds
167,Port Macquarie,AU,-31.4333,152.9167,62.89,93,100,6.98,light rain
168,Souillac,MU,-20.5167,57.5167,73.78,83,75,3.44,broken clouds
169,Borovoy,RU,55.4333,86.0833,31.28,93,100,15.66,light shower snow
170,Arraial Do Cabo,BR,-22.9661,-42.0278,75.16,73,75,9.22,broken clouds
171,Moose Factory,CA,51.2585,-80.6094,59.0,63,0,9.22,clear sky
172,Narsaq,GL,60.9167,-46.05,34.02,91,99,4.83,overcast clouds
173,Santa Maria,BR,-29.6842,-53.8069,74.5,33,20,5.75,few clouds
174,Severo-Kurilsk,RU,50.6789,156.125,37.04,95,99,5.7,light rain
175,Moranbah,AU,-22.0016,148.0466,76.62,61,68,11.12,broken clouds
176,Puerto Del Rosario,ES,28.5004,-13.8627,73.15,83,20,12.66,few clouds
177,Deoria,IN,26.5047,83.7872,68.95,66,1,4.85,clear sky
178,Deputatskiy,RU,69.3,139.9,-4.77,97,60,4.0,broken clouds
179,Westport,US,41.1415,-73.3579,61.41,68,100,12.66,overcast clouds
180,Port Blair,IN,11.6667,92.75,80.71,83,100,16.2,overcast clouds
181,Lorengau,PG,-2.0226,147.2712,81.86,65,60,3.0,broken clouds
182,Florianopolis,BR,-27.6146,-48.5012,67.23,88,75,6.91,broken clouds
183,Talnakh,RU,69.4865,88.3972,22.44,96,100,6.96,light snow
184,Lambarene,GA,-0.7001,10.2406,75.2,96,100,2.95,moderate rain
185,Stokmarknes,NO,68.5646,14.9108,35.56,93,40,5.75,scattered clouds
186,Najran,SA,17.4924,44.1277,66.85,30,0,1.3,clear sky
187,Kupang,ID,-10.1667,123.5833,79.25,82,56,4.23,broken clouds
188,Tessalit,ML,20.1986,1.0114,77.05,18,61,11.05,broken clouds
189,Taltal,CL,-25.4,-70.4833,63.99,68,24,6.46,few clouds
190,Aginskoye,RU,51.1,114.53,30.07,64,61,4.36,broken clouds
191,Lake Havasu City,US,34.4839,-114.3224,76.23,18,0,16.11,clear sky
192,Togur,RU,58.3631,82.8265,28.87,90,84,10.76,broken clouds
193,Karabanovo,RU,56.3167,38.7,40.84,97,100,4.83,overcast clouds
194,Hutchinson,US,38.0608,-97.9298,82.35,36,20,39.12,dust
195,Fairbanks,US,64.8378,-147.7164,31.23,94,100,0.0,overcast clouds
196,Baherden,TM,38.4362,57.4316,59.27,72,84,6.91,broken clouds
197,Arman,RU,59.7,150.1667,16.03,65,100,10.47,overcast clouds
198,Upernavik,GL,72.7868,-56.1549,26.92,75,98,4.88,overcast clouds
199,Virginia Beach,US,36.8529,-75.978,62.02,96,100,17.27,mist
200,Halesowen,GB,52.4486,-2.0494,55.99,95,100,6.26,light rain
201,Salina,US,38.8403,-97.6114,87.93,33,0,32.21,dust
202,Yumen,CN,40.2833,97.2,45.57,29,0,5.75,clear sky
203,Cidreira,BR,-30.1811,-50.2056,63.32,83,42,9.86,scattered clouds
204,Scarborough,GB,54.2797,-0.4044,56.34,92,94,1.01,overcast clouds
205,Muros,ES,42.7762,-9.0603,62.83,82,31,14.83,scattered clouds
206,Bethel,US,41.3712,-73.414,60.89,62,100,5.75,overcast clouds
207,Kaka,TM,37.3482,59.6143,59.76,57,100,2.86,overcast clouds
208,Kodiak,US,57.79,-152.4072,44.11,49,0,18.41,clear sky
209,Lompoc,US,34.6391,-120.4579,76.78,43,0,16.11,clear sky
210,Teya,RU,60.3778,92.6267,28.69,79,100,12.24,overcast clouds
211,Hualmay,PE,-11.0964,-77.6139,65.64,72,98,11.25,overcast clouds
212,Marquette,US,46.5333,-87.6335,67.77,68,2,14.36,clear sky
213,Susanville,US,40.4163,-120.653,50.67,40,11,5.01,few clouds
214,Yerbogachen,RU,61.2767,108.0108,41.85,77,76,17.27,broken clouds
215,Ouesso,CG,1.6136,16.0517,72.36,98,100,1.61,overcast clouds
216,Avera,US,33.194,-82.5271,77.56,39,11,3.69,few clouds
217,Ayr,GB,55.4627,-4.6339,55.38,94,75,3.44,broken clouds
218,Tosya,TR,41.0155,34.0401,51.26,43,82,3.87,broken clouds
219,Kruisfontein,ZA,-34.0033,24.7314,60.89,94,100,4.27,overcast clouds
220,Rio Gallegos,AR,-51.6226,-69.2181,64.45,22,75,23.02,broken clouds
221,Ahipara,NZ,-35.1667,173.1667,61.23,61,0,3.87,clear sky
222,Marawi,PH,7.9986,124.2928,68.72,93,100,1.43,overcast clouds
223,Emerald,AU,-23.5333,148.1667,77.0,50,17,0.69,few clouds
224,Airai,TL,-8.9266,125.4092,61.05,82,96,2.66,overcast clouds
225,Kidal,ML,18.4411,1.4078,79.41,14,83,10.58,broken clouds
226,Brae,GB,60.3964,-1.353,52.05,94,90,13.8,overcast clouds
227,Douentza,ML,14.9951,-2.9517,88.68,16,100,6.64,overcast clouds
228,Richards Bay,ZA,-28.783,32.0377,69.57,94,62,2.21,broken clouds
229,Fortuna,US,40.5982,-124.1573,60.93,63,0,16.11,clear sky
230,Port Lincoln,AU,-34.7333,135.8667,56.19,84,100,17.02,overcast clouds
231,Georgetown,MY,5.4112,100.3354,79.95,86,40,14.0,scattered clouds
232,Huarmey,PE,-10.0681,-78.1522,66.61,73,53,11.01,broken clouds
233,Ust-Nera,RU,64.5667,143.2,-8.97,99,77,4.72,broken clouds
234,Berdigestyakh,RU,62.0989,126.6992,21.79,92,100,9.31,overcast clouds
235,Sao Joao Da Barra,BR,-21.6403,-41.0511,77.09,81,58,12.44,broken clouds
236,Kampene,CD,-3.6,26.6667,69.96,88,29,1.92,scattered clouds
237,Tautira,PF,-17.7333,-149.15,77.27,78,60,6.42,broken clouds
238,Ketchikan,US,55.3422,-131.6461,43.27,87,100,20.71,moderate rain
239,Nanortalik,GL,60.1432,-45.2371,37.36,96,100,6.13,overcast clouds
240,Paamiut,GL,61.994,-49.6678,35.65,99,100,7.87,light rain
241,Palmer,US,42.1584,-72.3287,57.81,75,100,5.75,moderate rain
242,Phulji,PK,26.8825,67.6807,78.94,27,0,2.84,clear sky
243,Okhotsk,RU,59.3833,143.3,17.76,58,16,13.62,few clouds
244,Tete,MZ,-16.1564,33.5867,91.49,33,0,5.99,clear sky
245,Prince Rupert,CA,54.3161,-130.3201,47.89,89,100,44.87,light rain
246,Inirida,CO,3.8653,-67.9239,85.51,73,100,1.81,overcast clouds
247,Vao,NC,-22.6667,167.4833,72.95,77,100,26.87,overcast clouds
248,Ruidoso,US,33.3317,-105.673,64.96,44,21,41.43,few clouds
249,Yichang,CN,30.7144,111.2847,69.03,41,100,1.61,light rain
250,Chokurdakh,RU,70.6333,147.9167,0.19,98,99,8.88,overcast clouds
251,Sur,OM,22.5667,59.5289,80.08,39,0,8.43,clear sky
252,Orkney,ZA,-26.9802,26.6727,65.34,72,100,6.15,light rain
253,Cabo San Lucas,MX,22.8909,-109.9124,91.62,62,54,18.59,broken clouds
254,Kristinehamn,SE,59.3098,14.1081,45.27,82,100,6.55,overcast clouds
255,Elblag,PL,54.1522,19.4088,52.97,91,29,3.94,scattered clouds
256,Mwingi,KE,-0.9344,38.0601,68.32,69,15,5.41,few clouds
257,Saldanha,ZA,-33.0117,17.9442,60.85,90,81,22.19,broken clouds
258,Guerrero Negro,MX,27.9769,-114.0611,73.02,56,100,15.41,overcast clouds
259,Zwedru,LR,6.0667,-8.1281,72.88,97,100,2.46,light rain
260,Sokolo,ML,14.7328,-6.1219,86.56,33,93,7.2,overcast clouds
261,Shimoda,JP,34.6667,138.95,60.1,84,89,13.31,overcast clouds
262,Ville-Marie,CA,47.3335,-79.433,66.0,64,13,7.02,few clouds
263,Portland,US,45.5234,-122.6762,59.77,69,75,5.01,broken clouds
264,Aitape,PG,-3.1374,142.3475,77.16,88,95,3.6,overcast clouds
265,Houma,US,29.5958,-90.7195,81.0,61,0,16.11,clear sky
266,Thompson,CA,55.7435,-97.8558,35.76,60,100,11.5,overcast clouds
267,Mahon,ES,39.8885,4.2658,72.16,83,20,8.05,few clouds
268,Saint-Pierre,RE,-21.3393,55.4781,70.92,83,0,4.61,clear sky
269,Ola,RU,59.5833,151.2833,18.66,65,100,13.98,overcast clouds
270,Balint,RO,45.8125,21.8536,55.26,76,83,4.68,broken clouds
271,Kununurra,AU,-15.7667,128.7333,88.21,41,18,2.51,few clouds
272,Mount Gambier,AU,-37.8333,140.7667,53.51,94,100,14.97,light intensity drizzle
273,Asfi,MA,32.2994,-9.2372,68.23,79,5,4.47,clear sky
274,Campo Gobierno,MX,24.6536,-107.5411,92.71,64,43,11.59,scattered clouds
275,Churapcha,RU,62.0025,132.4325,12.97,97,98,5.1,overcast clouds
276,Plouzane,FR,48.3833,-4.6167,57.52,91,100,21.85,overcast clouds
277,Camana,PE,-16.6228,-72.7111,66.63,72,43,9.15,scattered clouds
278,Oussouye,SN,12.485,-16.5469,78.98,80,99,3.91,overcast clouds
279,Kang,BW,-23.6752,22.7876,77.61,35,60,5.08,broken clouds
280,Atar,MR,20.5169,-13.0499,88.88,12,0,5.3,clear sky
281,Barra Do Garcas,BR,-15.89,-52.2567,93.78,40,75,4.61,broken clouds
282,Yar-Sale,RU,66.8333,70.8333,28.96,95,100,8.43,overcast clouds
283,Kavieng,PG,-2.5744,150.7967,81.52,69,74,3.8,broken clouds
284,Salamiyah,SY,35.0113,37.0532,66.83,60,1,4.63,clear sky
285,Leningradskiy,RU,69.3833,178.4167,20.57,94,99,10.78,overcast clouds
286,Puerto Padre,CU,21.195,-76.6028,80.85,78,29,9.6,scattered clouds
287,Libreville,GA,0.3925,9.4537,77.11,90,100,4.94,light rain
288,Visnes,NO,59.3556,5.2242,53.98,87,0,6.91,clear sky
289,Maragogi,BR,-9.0122,-35.2225,77.56,82,99,11.39,overcast clouds
290,Puerto Colombia,CO,10.9878,-74.9547,86.09,78,99,6.04,light rain
291,Bubaque,GW,11.2833,-15.8333,83.19,72,100,4.7,overcast clouds
292,Xining,CN,36.6167,101.7667,45.77,69,100,0.76,overcast clouds
293,Rawson,AR,-43.3002,-65.1023,77.67,16,49,10.45,scattered clouds
294,Inta,RU,66.0317,60.1659,33.28,96,100,15.52,overcast clouds
295,Lumeje,AO,-11.55,20.7833,71.2,73,35,2.82,light rain
296,Isangel,VU,-19.55,169.2667,75.31,78,100,13.8,light rain
297,Samarai,PG,-10.6167,150.6667,80.78,76,28,4.88,scattered clouds
298,Waingapu,ID,-9.6567,120.2641,80.22,82,93,4.25,overcast clouds
299,Dimitrovgrad,RU,54.2139,49.6184,39.47,73,55,9.84,broken clouds
300,Shingu,JP,33.7333,135.9833,56.93,80,90,6.58,overcast clouds
301,Riyadh,SA,24.6877,46.7219,78.94,17,0,5.03,clear sky
302,Placido De Castro,BR,-10.3353,-67.1856,81.45,77,95,4.83,overcast clouds
303,Omsukchan,RU,62.5333,155.8,-11.7,100,92,2.77,overcast clouds
304,Nouadhibou,MR,20.931,-17.0347,69.78,88,60,16.11,broken clouds
305,Bakonycsernye,HU,47.324,18.0751,54.61,93,49,4.54,scattered clouds
306,Cap Malheureux,MU,-19.9842,57.6142,72.46,74,31,1.99,scattered clouds
307,Tombouctou,ML,20.0,-3.0,82.08,13,100,10.04,overcast clouds
308,Kerema,PG,-7.9631,145.7785,78.37,80,18,3.31,few clouds
309,Andenes,NO,69.3143,16.1194,39.18,52,75,12.66,broken clouds
310,Akyab,MM,20.15,92.9,80.92,81,100,19.8,moderate rain
311,Tuatapere,NZ,-46.1333,167.6833,46.54,90,100,8.68,overcast clouds
312,Fenoarivo,MG,-18.933,47.4354,62.67,100,75,8.05,broken clouds
313,Sao Luiz Gonzaga,BR,-28.4083,-54.9608,68.67,58,0,8.97,clear sky
314,Mwense,ZM,-10.3845,28.698,76.26,45,99,0.29,overcast clouds
315,Menongue,AO,-14.6585,17.691,71.51,57,58,5.14,broken clouds
316,Neuquen,AR,-38.9516,-68.0591,82.29,17,0,10.36,clear sky
317,Lefka,CY,35.1106,32.8506,66.76,58,0,2.17,clear sky
318,Fare,PF,-16.7,-151.0167,78.8,74,19,11.18,few clouds
319,Jalu,LY,29.0331,21.5482,66.34,34,0,6.46,clear sky
320,Karratha,AU,-20.7377,116.8463,68.88,67,0,16.04,clear sky
321,Altay,CN,47.8667,88.1167,39.9,71,100,7.05,overcast clouds
322,Salalah,OM,17.0151,54.0924,78.89,73,0,3.44,clear sky
323,Dingle,PH,10.9995,122.6711,75.79,92,100,5.55,overcast clouds
324,Divnomorskoye,RU,44.5011,38.1353,62.06,71,100,22.37,light rain
325,Shirwal,IN,18.1333,73.9833,64.99,71,0,1.83,clear sky
326,Matara,LK,5.9485,80.5353,75.65,90,77,8.05,broken clouds
327,Pisco,PE,-13.7,-76.2167,69.85,64,0,19.57,clear sky
328,Fort Nelson,CA,58.8053,-122.7002,28.94,81,100,6.91,overcast clouds
329,Wad Rawah,SD,15.1603,33.1397,88.9,22,1,19.82,clear sky
330,Ixtapa,MX,20.7,-105.2,82.31,79,100,2.82,light rain
331,Chilliwack,CA,49.1747,-121.9443,54.12,66,98,2.3,overcast clouds
332,Lipin Bor,RU,60.2622,37.9763,41.31,92,100,14.43,light rain
333,Lethem,GY,3.3803,-59.7968,86.99,61,100,6.73,overcast clouds
334,Sal Rei,CV,16.1833,-22.9167,77.9,76,0,16.28,clear sky
335,Aizawl,IN,23.7333,92.7167,62.19,91,100,2.42,light rain
336,Corinto,GR,37.9407,22.9573,68.11,66,2,1.95,clear sky
337,Tonota,BW,-21.4833,27.4833,75.02,50,8,12.82,clear sky
338,Kichera,RU,55.9375,110.0997,32.31,81,100,3.27,overcast clouds
339,Taft,IR,31.7471,54.2088,64.35,19,0,4.61,clear sky
340,Mangrol,IN,21.1167,70.1167,79.39,55,0,1.7,clear sky
341,Gidam,IN,18.9833,81.4,61.36,85,99,2.17,overcast clouds
342,Bandarbeyla,SO,9.4942,50.8122,78.04,81,17,1.95,few clouds
343,Aswan,EG,24.0934,32.907,76.3,35,0,10.36,clear sky
344,Ndjole,GA,-0.1783,10.7649,74.93,99,100,2.8,heavy intensity rain
345,Sehithwa,BW,-20.4667,22.7167,79.72,39,95,3.47,overcast clouds
346,Tucupita,VE,9.0622,-62.051,79.81,92,82,3.94,broken clouds
347,Puri,IN,19.8,85.85,77.52,89,100,16.49,light rain
348,Kilindoni,TZ,-7.9139,39.6668,77.04,77,11,11.59,few clouds
349,Ostrovnoy,RU,68.0531,39.5131,38.26,91,100,15.32,light rain
350,Touros,BR,-5.1989,-35.4608,78.49,77,29,13.29,scattered clouds
351,Stornoway,GB,58.2093,-6.3865,53.56,94,100,11.5,overcast clouds
352,Bontang,ID,0.1333,117.5,76.37,89,98,5.37,overcast clouds
353,Vestmannaeyjar,IS,63.4427,-20.2734,43.59,81,100,23.44,overcast clouds
354,Ostersund,SE,63.1792,14.6357,32.45,93,0,5.99,clear sky
355,Taoudenni,ML,22.6783,-3.9836,86.63,13,95,11.14,overcast clouds
356,Coquimbo,CL,-29.9533,-71.3436,58.73,77,75,11.5,broken clouds
357,Znamenskoye,RU,57.1281,73.8282,29.55,75,40,9.93,scattered clouds
358,Iqaluit,CA,63.7506,-68.5145,29.93,92,75,9.22,broken clouds
359,Addis Abeba,ET,9.025,38.7469,59.88,44,20,3.44,few clouds
360,Ericeira,PT,38.9627,-9.4156,64.81,91,80,9.95,broken clouds
361,Kamenka,RU,51.3223,42.7678,44.74,67,100,12.08,light rain
362,Bayir,TR,37.2687,28.2167,48.72,28,0,3.0,clear sky
363,Tateyama,JP,34.9833,139.8667,62.1,79,100,19.91,overcast clouds
364,Sosnovka,RU,56.255,51.2842,37.4,79,100,11.92,overcast clouds
365,Sinnamary,GF,5.3833,-52.95,82.62,80,87,13.04,overcast clouds
366,Itoman,JP,26.1247,127.6694,75.22,72,75,24.16,broken clouds
367,The Valley,AI,18.217,-63.0578,85.86,70,20,10.36,few clouds
368,Wahpeton,US,46.2652,-96.6059,75.22,46,0,23.02,clear sky
369,Banepa,NP,27.6298,85.5214,55.72,82,20,2.3,few clouds
370,Denpasar,ID,-8.65,115.2167,76.71,94,75,8.05,broken clouds
371,Norman Wells,CA,65.282,-126.8329,26.64,80,100,6.91,light snow
372,Urucara,BR,-2.5364,-57.76,91.65,46,98,0.67,overcast clouds
373,Sambava,MG,-14.2667,50.1667,70.7,87,23,3.83,few clouds
374,Tuskegee,US,32.424,-85.6916,78.1,29,6,1.99,clear sky
375,Bengkulu,ID,-3.8004,102.2655,75.83,89,98,3.0,overcast clouds
376,Podor,MR,16.6527,-14.9587,93.52,28,0,10.8,clear sky
377,Port Elizabeth,ZA,-33.918,25.5701,65.32,91,0,4.61,clear sky
378,Steamboat Springs,US,40.485,-106.8317,31.55,90,100,9.22,overcast clouds
379,Fuxin,CN,42.0156,121.6589,40.53,41,0,2.8,clear sky
380,Chincha Alta,PE,-13.4099,-76.1323,68.59,67,41,7.76,scattered clouds
381,Fukue,JP,32.6881,128.8419,65.34,57,34,23.94,scattered clouds
382,Derbent,RU,42.0678,48.2899,55.94,84,92,8.84,overcast clouds
383,Domoni,KM,-12.2569,44.5319,76.28,82,15,2.73,few clouds
384,Kieta,PG,-6.2167,155.6333,80.98,78,56,0.4,broken clouds
385,Mikuni,JP,36.2171,136.1519,53.51,76,91,9.33,overcast clouds
386,Baculin,PH,7.4525,126.5842,77.99,85,100,6.17,overcast clouds
387,Kota Kinabalu,MY,5.9749,116.0724,76.98,88,20,3.44,few clouds
388,Honningsvag,NO,70.9821,25.9704,38.95,81,75,20.71,light rain
389,Walvis Bay,NA,-22.9575,14.5053,60.1,82,99,5.75,overcast clouds
390,Amapa,BR,1.0,-52.0,83.14,62,100,2.64,overcast clouds
391,Mwinilunga,ZM,-11.7358,24.4293,65.66,71,100,6.73,overcast clouds
392,Krasnoselkup,RU,65.7,82.4667,28.0,91,100,16.49,overcast clouds
393,Laranjeiras Do Sul,BR,-25.4078,-52.4161,67.77,82,0,3.15,clear sky
394,Rivadavia,AR,-33.1905,-68.4608,81.72,19,0,7.99,clear sky
395,Lengshuijiang,CN,27.6881,111.4294,67.12,40,96,3.0,overcast clouds
396,Seymchan,RU,62.8833,152.4333,-9.15,100,100,1.07,overcast clouds
397,San Patricio,US,28.017,-97.5169,87.66,61,100,20.87,overcast clouds
398,Seoul,KR,37.5683,126.9778,47.64,84,0,6.91,clear sky
399,Necochea,AR,-38.5473,-58.7368,68.85,35,100,14.05,overcast clouds
400,Huejuquilla El Alto,MX,22.6,-103.8667,60.01,93,100,2.66,light rain
401,Tiarei,PF,-17.5333,-149.3333,77.52,76,43,6.13,scattered clouds
402,Plettenberg Bay,ZA,-34.0527,23.3716,61.86,92,82,3.8,broken clouds
403,Okha,RU,53.5739,142.9478,27.99,66,75,3.42,broken clouds
404,Green River,US,41.5286,-109.4662,41.18,13,100,7.0,overcast clouds
405,Grindavik,IS,63.8424,-22.4338,41.47,93,75,18.41,broken clouds
406,Flin Flon,CA,54.7682,-101.865,37.24,70,100,10.36,overcast clouds
407,Port Augusta,AU,-32.5,137.7667,58.86,85,98,15.39,overcast clouds
408,Pacifica,US,37.6138,-122.4869,72.43,52,0,17.27,clear sky
409,Korla,CN,41.7597,86.1469,51.58,36,100,3.53,overcast clouds
410,Rosetta,EG,31.4044,30.4164,71.46,66,0,13.71,clear sky
411,Minab,IR,27.1467,57.0801,75.52,88,0,0.0,clear sky
412,Korgen,NO,66.0771,13.8153,32.32,91,99,4.0,overcast clouds
413,Wattegama,LK,6.7989,81.4808,73.53,93,98,1.81,overcast clouds
414,Tambacounda,SN,13.7539,-13.7586,84.29,56,10,5.32,clear sky
415,Soure,BR,-0.7167,-48.5233,81.77,78,99,13.8,overcast clouds
416,Nushki,PK,29.5542,66.0215,63.55,10,0,3.49,clear sky
417,Beringovskiy,RU,63.05,179.3167,22.12,76,57,8.37,broken clouds
418,Tilichiki,RU,60.4667,166.1,9.27,90,29,6.62,scattered clouds
419,North Bend,US,43.4065,-124.2243,60.17,87,40,3.44,scattered clouds
420,Cam Ranh,VN,11.9214,109.1591,76.96,78,20,5.75,few clouds
421,Namibe,AO,-15.1961,12.1522,68.9,84,72,4.54,broken clouds
422,Kahului,US,20.8947,-156.47,89.62,57,0,11.99,clear sky
423,Yeppoon,AU,-23.1333,150.7333,74.98,81,30,4.32,scattered clouds
424,Batalha,BR,-9.6778,-37.1247,80.53,65,97,15.05,overcast clouds
425,Provost,CA,52.3501,-110.2683,39.65,46,100,9.28,overcast clouds
426,Abha,SA,18.2164,42.5053,62.42,88,0,3.44,clear sky
427,Venado Tuerto,AR,-33.7456,-61.9688,77.85,23,2,12.39,clear sky
428,Passo Fundo,BR,-28.2628,-52.4067,64.36,75,0,8.14,clear sky
429,Sisimiut,GL,66.9395,-53.6735,34.11,86,100,5.86,overcast clouds
430,Vila Velha,BR,-20.3297,-40.2925,75.15,83,75,8.05,light rain
431,Peleduy,RU,59.6289,112.7406,40.03,72,100,14.12,overcast clouds
432,Dubbo,AU,-32.25,148.6167,60.22,92,100,7.07,overcast clouds
433,Maniitsoq,GL,65.4167,-52.9,36.9,89,100,11.97,overcast clouds
434,Luganville,VU,-15.5333,167.1667,78.48,83,100,1.23,overcast clouds
435,Taucha,DE,51.3833,12.4833,60.82,73,100,9.22,moderate rain
436,Kamaishi,JP,39.2667,141.8833,47.93,73,93,5.44,overcast clouds
437,Tanout,NE,14.9709,8.8879,83.37,18,18,10.09,few clouds
438,Chicama,PE,-7.8447,-79.1469,63.14,61,93,10.2,overcast clouds
439,Christchurch,NZ,-43.5333,172.6333,61.92,55,100,3.44,overcast clouds
440,Merrill,US,45.1805,-89.6835,74.12,58,75,14.97,broken clouds
441,Alice Springs,AU,-23.7,133.8833,60.35,88,0,6.91,clear sky
442,Leh,IN,34.1667,77.5833,30.16,39,2,0.89,clear sky
443,Truth Or Consequences,US,33.1284,-107.2528,71.83,25,0,25.32,clear sky
444,Klaksvik,FO,62.2266,-6.589,47.32,80,100,21.39,overcast clouds
445,Alamogordo,US,32.8995,-105.9603,74.21,51,0,21.85,clear sky
446,Danjiangkou,CN,32.5428,111.5086,60.85,49,71,3.47,broken clouds
447,Lingdong,CN,46.5669,131.1453,29.1,64,0,4.23,clear sky
448,Padang,ID,-0.9492,100.3543,75.43,93,100,2.62,overcast clouds
449,Kropotkin,RU,45.4375,40.5756,54.63,59,100,5.28,overcast clouds
450,Canton,CN,23.1167,113.25,73.35,61,6,1.34,clear sky
451,Mezen,RU,65.8522,44.24,34.54,94,100,8.97,overcast clouds
452,Buala,SB,-8.145,159.5921,81.52,79,92,3.0,light rain
453,Caravelas,BR,-17.7125,-39.2481,76.03,83,32,9.06,scattered clouds
454,Tairua,NZ,-37.0167,175.85,61.61,62,7,7.05,clear sky
455,Puerto Palomas,MX,31.7667,-107.6167,74.39,32,87,31.5,overcast clouds
456,Aurangabad,IN,19.8833,75.3333,66.81,57,0,3.31,clear sky
457,Corovode,AL,40.5042,20.2272,65.61,48,14,2.68,few clouds
458,Saint Augustine,US,29.8947,-81.3145,80.06,75,0,14.97,clear sky
459,Mitsamiouli,KM,-11.3847,43.2844,76.08,81,0,7.94,clear sky
460,Ahuimanu,US,21.4447,-157.8378,85.71,74,75,12.66,broken clouds
461,San Antonio,US,29.4241,-98.4936,88.27,50,40,23.02,scattered clouds
462,Kyren,RU,51.6828,102.1408,43.39,56,91,1.34,overcast clouds
463,Qeshm,IR,26.9581,56.2719,76.89,61,0,1.54,clear sky
464,Tsaratanana,MG,-16.7833,47.65,74.16,65,37,3.2,scattered clouds
465,Chaves,US,33.3834,-104.4505,78.13,24,99,26.82,overcast clouds
466,Porto Novo,BJ,6.4965,2.6036,78.62,86,85,5.23,overcast clouds
467,Bilma,NE,18.6853,12.9164,82.31,23,14,8.95,few clouds
468,Ngunguru,NZ,-35.6167,174.5,60.08,63,4,6.91,clear sky
469,Bairiki,KI,1.3292,172.9752,77.0,100,100,8.05,light intensity shower rain
470,Puerto Escondido,MX,15.85,-97.0667,83.07,76,60,5.21,broken clouds
471,Dunedin,NZ,-45.8742,170.5036,47.8,88,100,21.0,overcast clouds
472,Wangaratta,AU,-36.3667,146.3333,61.16,69,100,7.74,overcast clouds
473,Santa Isabel Do Rio Negro,BR,-0.4139,-65.0192,90.28,56,47,2.59,heavy intensity rain
474,Svetlogorsk,BY,52.6333,29.7333,50.0,88,100,10.02,overcast clouds
475,Bathsheba,BB,13.2167,-59.5167,86.61,70,40,18.41,scattered clouds
476,Olafsvik,IS,64.8945,-23.7142,42.53,83,96,16.02,overcast clouds
477,Sinaloa,MX,25.0,-107.5,91.11,55,4,3.0,clear sky
478,Khandyga,RU,62.6667,135.6,4.8,98,100,2.66,overcast clouds
479,Mahibadhoo,MV,3.7833,72.9667,81.59,77,74,16.73,broken clouds
480,Vanimo,PG,-2.6741,141.3028,77.56,88,91,3.42,overcast clouds
481,Vanderhoof,CA,54.0166,-124.0198,40.8,46,100,8.9,overcast clouds
482,Cap-Aux-Meules,CA,47.3821,-61.8597,57.22,67,75,6.91,broken clouds
483,Kirkenaer,NO,60.4564,12.0582,38.03,75,100,1.92,overcast clouds
484,Charters Towers,AU,-20.1,146.2667,76.03,79,2,14.54,clear sky
485,Saint Anthony,US,45.0205,-93.218,78.15,52,0,23.02,clear sky
486,Iskateley,RU,67.6803,53.1512,32.97,95,100,17.25,light snow
487,Srednekolymsk,RU,67.45,153.6833,-1.23,93,100,6.89,overcast clouds
488,Prince George,CA,53.9166,-122.753,40.44,77,40,12.66,scattered clouds
489,Matagami,CA,49.7502,-77.6328,69.91,49,0,14.97,clear sky
490,Loandjili,CG,-4.7561,11.8578,77.49,91,84,5.77,broken clouds
491,Sheridan,US,44.8333,-106.9173,39.58,81,100,29.93,overcast clouds
492,Shahr-E Babak,IR,30.1165,55.1186,60.21,18,0,4.09,clear sky
493,Husavik,IS,66.0449,-17.3389,34.03,78,100,9.42,overcast clouds
494,Tocopilla,CL,-22.092,-70.1979,66.38,61,20,7.7,few clouds
495,Eydhafushi,MV,5.1033,73.0708,81.27,80,99,18.7,overcast clouds
496,Tourlaville,FR,49.6383,-1.5664,60.22,82,100,27.63,overcast clouds
497,Babu,CN,24.4167,111.5167,66.58,48,14,3.71,few clouds
498,Tolga,DZ,34.7222,5.3785,72.41,28,0,4.59,clear sky
499,Luena,AO,-11.7833,19.9167,64.78,80,88,3.98,light rain
500,Kiama,AU,-34.6833,150.8667,63.37,95,100,1.99,light rain
501,Nantucket,US,41.2835,-70.0995,58.08,94,100,20.69,light rain
502,Laredo,US,27.5064,-99.5075,91.69,38,0,18.41,clear sky
503,Zapolyarnyy,RU,69.4154,30.8136,36.68,87,100,16.46,overcast clouds
504,Pakxan,LA,18.3778,103.6601,68.16,83,49,3.76,scattered clouds
505,Porbandar,IN,21.6422,69.6093,80.55,59,0,6.35,clear sky
506,Vaasa,FI,63.096,21.6158,40.95,93,0,2.3,clear sky
507,Lakselv,NO,70.0513,24.9718,35.42,93,99,16.11,overcast clouds
508,Koungou,YT,-12.7336,45.2042,76.71,83,0,4.61,clear sky
509,Calderitas,MX,18.55,-88.25,81.57,55,2,3.71,clear sky
510,Andilamena,MG,-17.0167,48.5833,62.85,88,79,4.92,broken clouds
511,Zhanakorgan,KZ,43.9098,67.2495,43.47,57,8,7.05,clear sky
512,Dalby,AU,-27.1833,151.2667,65.98,89,38,5.28,scattered clouds
513,Chase,CA,50.8165,-119.6857,51.08,44,51,2.8,broken clouds
514,Gwadar,PK,25.1216,62.3254,78.76,67,0,10.16,clear sky
515,Caceres,ES,39.522,-6.3748,60.03,65,100,4.47,overcast clouds
516,Emba,KZ,48.8264,58.1442,40.3,41,100,6.42,overcast clouds
517,Birobidzhan,RU,48.8,132.95,31.57,60,0,3.33,clear sky
518,Thinadhoo,MV,0.5333,72.9333,81.12,76,55,11.45,broken clouds
519,Solnechnyy,RU,50.7214,136.6319,29.17,60,81,2.68,broken clouds
520,Rudbar,AF,30.15,62.6,67.41,40,0,5.35,clear sky
521,Dneprovskaya,RU,45.6236,38.8081,58.15,65,100,16.73,overcast clouds
522,Beloha,MG,-25.1667,45.05,69.48,86,5,3.18,clear sky
523,Vanavara,RU,60.34,102.2797,31.05,92,98,18.41,light snow
524,Santa Rosa,PH,14.3122,121.1114,80.58,91,38,4.92,scattered clouds
525,Mazatlan,MX,23.2167,-106.4167,82.69,74,67,6.42,light rain
526,Kimbe,PG,-5.5502,150.1429,77.23,75,82,2.55,broken clouds
527,Ypsilanti,US,42.2412,-83.613,76.51,48,20,12.66,few clouds
528,Santo Antonio Do Ica,BR,-3.1022,-67.9397,78.51,86,100,2.62,light rain
529,Bloemfontein,ZA,-29.1211,26.214,63.88,72,100,9.22,overcast clouds
530,Roma,US,43.2128,-75.4557,66.09,67,100,5.64,overcast clouds
531,Sao Miguel Do Araguaia,BR,-13.275,-50.1628,86.09,48,53,5.23,very heavy rain
532,Seuzach,CH,47.5342,8.7261,62.37,72,20,18.41,light intensity shower rain
533,Ewa Beach,US,21.3156,-158.0072,85.95,67,20,12.66,few clouds
534,Taguatinga,BR,-12.3857,-46.5711,74.93,82,91,7.54,overcast clouds
535,Koutiala,ML,12.3917,-5.4642,87.42,33,93,3.18,overcast clouds
536,Kitimat,CA,54.0524,-128.6534,39.58,29,100,4.05,moderate rain
537,Carutapera,BR,-1.195,-46.02,80.38,77,89,9.78,overcast clouds
538,Timra,SE,62.487,17.3257,34.68,86,0,5.75,clear sky
539,Batatais,BR,-20.8911,-47.585,85.98,39,77,5.7,broken clouds
540,Wasilla,US,61.5814,-149.4394,34.07,84,0,4.61,clear sky
541,Rumphi,MW,-11.0186,33.8575,72.88,46,51,6.67,broken clouds
542,Rio Hondo,GT,15.0667,-89.5833,83.46,58,75,6.91,light rain
543,Nalut,LY,30.3333,10.85,69.71,34,0,8.43,clear sky
544,Kaeo,NZ,-35.1,173.7833,61.32,82,0,1.39,clear sky
545,Fort Morgan,US,40.2503,-103.8,65.05,27,40,20.71,scattered clouds
546,Haines Junction,CA,60.7522,-137.5108,31.95,69,100,10.36,overcast clouds
547,Ust-Kuyga,RU,70.0167,135.6,3.27,99,95,8.72,overcast clouds
548,Slave Lake,CA,55.2834,-114.769,37.38,87,100,2.3,light rain
549,Ca Mau,VN,9.1769,105.15,75.58,92,96,1.68,overcast clouds
550,Tokur,RU,53.1333,132.9,19.67,80,89,2.53,overcast clouds
551,Bilibino,RU,68.0546,166.4372,-1.77,100,100,1.61,overcast clouds
552,Umm Kaddadah,SD,13.6017,26.6876,84.22,16,14,16.26,few clouds
553,Sembe,CG,1.6481,14.5806,71.02,98,100,0.67,overcast clouds
554,Villamontes,BO,-21.25,-63.5,92.86,25,12,9.57,few clouds
555,Bridlington,GB,54.0831,-0.1919,57.13,97,80,10.45,broken clouds
556,Mayumba,GA,-3.432,10.6554,77.5,90,100,5.7,light rain
557,Cecina,IT,43.3128,10.524,73.78,91,17,7.92,few clouds
558,Pyinmana,MM,19.7333,96.2167,70.77,91,23,2.98,few clouds
559,Kyabram,AU,-36.3167,145.05,56.61,94,100,10.87,light rain
560,Gizo,SB,-8.103,156.8419,81.99,71,99,1.01,overcast clouds
561,Henties Bay,NA,-22.116,14.2845,58.69,92,94,5.7,overcast clouds
562,Pangai,TO,-19.8,-174.35,75.31,69,75,13.8,broken clouds
563,Altamira,BR,-3.2033,-52.2064,91.49,55,40,5.75,scattered clouds
564,Watsa,CD,3.0372,29.5355,64.51,96,6,1.45,clear sky
565,Oktyabrskiy,RU,54.4815,53.471,37.15,69,100,9.91,overcast clouds
566,Penzance,GB,50.1186,-5.5371,58.77,89,96,16.4,overcast clouds
567,Bibiani,GH,6.4635,-2.3194,72.27,98,99,1.36,overcast clouds
568,Shubarkuduk,KZ,49.1447,56.4872,39.43,33,100,6.98,overcast clouds
569,Mehamn,NO,71.0357,27.8492,37.35,75,75,17.27,broken clouds
570,Oxapampa,PE,-10.5775,-75.4017,64.02,96,100,2.39,overcast clouds
571,Shenjiamen,CN,29.9576,122.298,63.99,57,11,20.71,few clouds
572,Axim,GH,4.8699,-2.2405,78.21,86,93,4.92,overcast clouds
573,Evensk,RU,61.95,159.2333,7.48,79,71,8.63,broken clouds
574,Uige,AO,-7.6087,15.0613,69.82,91,99,0.29,light rain
575,Havre-Saint-Pierre,CA,50.2334,-63.5986,52.16,76,0,9.22,clear sky
576,Pokhara,NP,28.2333,83.9833,62.69,41,0,8.55,clear sky
577,Edeia,BR,-17.3383,-49.9314,79.32,63,88,4.09,overcast clouds
578,Shetpe,KZ,44.1667,52.1167,46.31,56,2,7.81,clear sky
579,Nishihara,JP,26.1842,127.7558,74.48,78,100,24.16,overcast clouds
580,Martapura,ID,-3.4167,114.85,77.09,100,100,2.3,overcast clouds
581,Ngaoundere,CM,7.3167,13.5833,65.82,94,100,2.75,overcast clouds
582,Tymovskoye,RU,50.8456,142.655,24.58,86,21,0.47,few clouds
583,Rantepao,ID,-2.9701,119.8978,67.33,96,100,2.26,overcast clouds
584,Sabang,ID,5.8933,95.3214,81.9,77,98,16.06,light rain
585,Paragominas,BR,-2.9667,-47.4833,87.19,54,73,7.38,broken clouds
586,Aykhal,RU,66.0,111.5,27.12,97,100,6.29,light snow
587,Cozumel,MX,20.5083,-86.9458,85.06,79,13,8.01,few clouds
588,La Ronge,CA,55.1001,-105.2842,39.45,65,100,10.36,overcast clouds
589,Craig,US,40.5153,-107.5464,33.75,80,100,14.97,moderate rain
590,Lumphat,KH,13.4878,106.9816,70.07,98,96,3.29,overcast clouds
591,Rocha,UY,-34.4833,-54.3333,60.08,85,71,8.23,broken clouds
592,Dawlatabad,AF,36.4141,64.9053,56.41,53,1,4.5,clear sky
593,Sobolevo,RU,54.4299,31.8996,46.04,98,100,10.04,overcast clouds
594,Mazagao,BR,-0.115,-51.2894,89.65,65,64,7.54,broken clouds
595,Port Alberni,CA,49.2413,-124.8028,56.12,69,100,3.29,overcast clouds
596,Wynyard,AU,-41.0,145.7167,51.98,64,100,19.42,overcast clouds
597,Aklavik,CA,68.2191,-135.0107,14.65,92,93,3.18,overcast clouds
598,Nelson Bay,AU,-32.7167,152.15,66.25,98,100,10.0,light rain
599,Mandera,KE,3.9366,41.867,84.31,52,34,13.31,scattered clouds
600,Kuopio,FI,62.8924,27.677,33.75,80,0,10.36,clear sky
601,Ulaangom,MN,49.9811,92.0667,39.06,54,97,5.03,overcast clouds
602,Bagenalstown,IE,52.7003,-6.9618,52.02,96,90,3.36,overcast clouds
603,Lesogorsk,RU,56.0458,99.5136,38.32,65,100,20.71,overcast clouds
604,Derzhavinsk,KZ,51.1,66.3167,31.08,58,0,7.94,clear sky
605,Puerto Leguizamo,CO,-0.1934,-74.7819,73.74,99,100,5.12,moderate rain
606,Pimenta Bueno,BR,-11.6725,-61.1936,78.55,83,99,2.82,overcast clouds
607,Porto Belo,BR,-27.1578,-48.5531,73.35,84,25,5.01,scattered clouds
608,Thunder Bay,CA,48.4001,-89.3168,62.51,63,40,14.97,scattered clouds
609,Vilyuysk,RU,63.7553,121.6247,28.69,93,100,15.3,light snow
610,Labuhan,ID,-6.8844,112.2051,78.15,85,100,12.03,overcast clouds
611,Gonda,IN,27.1333,81.9333,67.57,68,0,7.25,clear sky
612,Despotovac,RS,44.0925,21.4469,59.95,66,17,4.38,few clouds
613,Pergamino,AR,-33.89,-60.5736,73.18,19,3,10.13,clear sky
614,Mecca,SA,21.4267,39.8261,80.38,62,0,4.92,clear sky
615,Dresden,DE,51.0509,13.7383,60.19,89,0,13.8,light rain
616,Dom Pedrito,BR,-30.9828,-54.6731,64.26,74,10,6.58,clear sky
617,Micheweni,TZ,-4.9667,39.8333,75.87,88,94,6.24,overcast clouds
618,Zabaykalsk,RU,49.6333,117.3167,29.32,67,10,5.37,clear sky
619,Takoradi,GH,4.8845,-1.7554,78.33,85,42,5.64,scattered clouds
620,San Alejo,SV,13.4314,-87.9631,83.71,81,12,0.63,few clouds
621,Lazaro Cardenas,MX,17.9583,-102.2,83.48,72,50,8.25,scattered clouds
622,Qujing,CN,25.4833,103.7833,57.67,94,100,3.56,overcast clouds
623,Nautla,MX,20.2167,-96.7833,81.41,74,49,19.62,scattered clouds
624,Marrakesh,MA,31.6315,-8.0083,77.07,44,0,8.05,clear sky
625,Sioux Lookout,CA,50.1001,-91.917,60.87,63,20,5.75,few clouds
626,Neftcala,AZ,39.3742,49.2472,59.79,83,77,0.25,broken clouds
627,Caraquet,CA,47.7941,-64.9386,64.94,77,100,1.28,overcast clouds
628,Chuy,UY,-33.6971,-53.4616,60.84,85,34,8.9,scattered clouds
629,Arlit,NE,18.7369,7.3853,81.52,20,83,13.91,broken clouds
630,Nizwa,OM,22.9333,57.5333,73.02,37,0,1.21,clear sky
631,Tekeli,KZ,44.83,78.8239,33.48,84,72,3.18,broken clouds
632,Vila Franca Do Campo,PT,37.7167,-25.4333,64.81,77,100,15.95,light rain
633,Russell,US,32.3502,-85.1999,78.96,23,22,3.49,few clouds
634,Dukat,RU,62.55,155.55,-11.16,100,98,2.1,overcast clouds
635,Juarez,MX,31.7333,-106.4833,80.24,38,100,15.01,overcast clouds
636,Karla,EE,59.3723,24.9275,44.56,65,20,5.75,few clouds
637,Hamilton,US,39.1834,-84.5333,79.65,39,0,4.0,clear sky
638,Gat,IL,31.61,34.7642,69.82,75,0,4.43,clear sky
639,Porto-Vecchio,FR,41.591,9.2795,67.66,94,0,10.36,clear sky
640,Gobabis,NA,-22.45,18.9667,73.9,41,72,7.43,broken clouds
641,Auki,SB,-8.7676,160.7034,80.19,82,87,0.98,overcast clouds
642,Muroto,JP,33.2833,134.15,64.31,76,41,18.99,scattered clouds
643,Stantsionno-Oyashinskiy,RU,55.4664,83.8245,32.11,86,100,13.02,overcast clouds
644,Yulara,AU,-25.2406,130.9889,64.42,49,0,12.62,clear sky
645,Wana,PK,32.2989,69.5725,59.14,34,2,2.37,clear sky
646,Camopi,GF,3.1655,-52.3158,86.29,51,98,6.38,overcast clouds
647,Liaoyang,CN,41.2719,123.1731,28.72,51,0,1.68,clear sky
648,Tezu,IN,27.9167,96.1667,72.37,59,100,2.98,overcast clouds
649,Dabat,ET,12.9842,37.765,54.1,72,17,1.92,light rain
650,Barinas,VE,8.6226,-70.2075,93.24,46,93,5.75,overcast clouds
651,Jamame,SO,0.0722,42.7506,76.26,87,69,9.13,broken clouds
652,Ambilobe,MG,-13.2,49.05,72.48,77,54,2.71,broken clouds
653,Obo,CF,5.3998,26.4869,69.3,96,61,4.14,broken clouds
654,Jinchang,CN,38.4953,102.1739,48.15,45,38,1.21,scattered clouds
655,Luderitz,NA,-26.6481,15.1594,60.78,87,78,14.97,broken clouds
656,San Quintin,MX,30.4833,-115.95,68.14,61,40,17.18,scattered clouds
657,Cervo,ES,43.6702,-7.4101,61.97,72,38,16.69,scattered clouds
658,Bundaberg,AU,-24.85,152.35,68.29,100,100,5.75,overcast clouds
659,Rey Bouba,CM,8.6724,14.1786,76.55,83,99,3.65,overcast clouds
660,Mount Isa,AU,-20.7333,139.5,82.45,37,70,8.66,broken clouds
661,Sohag,EG,26.557,31.6948,71.89,33,0,7.74,clear sky
662,Aguie,NE,13.506,7.7786,84.7,18,5,10.54,clear sky
663,Dudinka,RU,69.4058,86.1778,18.88,96,99,6.6,overcast clouds
664,Phan Thiet,VN,10.9333,108.1,75.94,89,100,3.02,overcast clouds
665,Nachalovo,RU,46.338,48.2013,40.96,100,40,6.71,scattered clouds
666,Bhola,BD,22.6833,90.65,73.33,92,100,20.67,moderate rain
667,Cairns,AU,-16.9167,145.7667,79.11,89,57,3.44,broken clouds
